[
  {
    "name": "Budi (Jakarta)",
    "quote": "Awalnya saya ragu, tapi ternyata promonya beneran nyata. Bonus langsung masuk!"
  },
  {
    "name": "Siti (Surabaya)",
    "quote": "Prosesnya gampang banget, cuma daftar dan deposit langsung dapet saldo tambahan. Mantap!"
  },
  {
    "name": "Agus (Bandung)",
    "quote": "Gokil! Cuma setor 20 ribu dapetnya 100 ribu. Recommended banget pokoknya."
  },
  {
    "name": "Dewi (Medan)",
    "quote": "Terima kasih banyak, bonusnya sangat membantu. Sukses terus untuk program ini."
  },
  {
    "name": "Eko (Semarang)",
    "quote": "Jangan sampai ketinggalan, teman-teman. Promonya terbatas dan terbukti membayar."
  },
  {
    "name": "Rina (Makassar)",
    "quote": "Saya sudah coba dan berhasil. Saldonya bisa langsung dipakai buat main."
  },
  {
    "name": "Hadi (Palembang)",
    "quote": "Luar biasa, event ini benar-benar menguntungkan bagi pengguna baru seperti saya."
  },
  {
    "name": "Yuni (Yogyakarta)",
    "quote": "Kirain hoaks, ternyata beneran dong. Langsung saya kasih tau teman-teman."
  },
  {
    "name": "Putra (Denpasar)",
    "quote": "Iseng-iseng berhadiah, eh beneran dapet. Asli gak bohong, wajib coba!"
  },
  {
    "name": "Fitri (Balikpapan)",
    "quote": "Klaim bonusnya cepat dan gak ribet. Pelayanannya juga oke."
  },
  {
    "name": "Fajar (Pekanbaru)",
    "quote": "Mantap jiwa, modal kecil untung besar berkat bonus ini."
  },
  {
    "name": "Indah (Malang)",
    "quote": "Awalnya cuma coba-coba, sekarang jadi ketagihan karena promonya bagus."
  },
  {
    "name": "Rizky (Samarinda)",
    "quote": "Saldo bonus 100 ribu benar-benar masuk. Terima kasih admin!"
  },
  {
    "name": "Wati (Tasikmalaya)",
    "quote": "Ini baru promo yang jelas. Syaratnya mudah, bonusnya nyata."
  },
  {
    "name": "Joko (Pontianak)",
    "quote": "Salah satu promo terbaik yang pernah saya ikuti. Jangan ragu!"
  },
  {
    "name": "Ani (Banjarmasin)",
    "quote": "Cepat, mudah, dan terpercaya. Dua jempol untuk event ini."
  },
  {
    "name": "Tono (Serang)",
    "quote": "Nyesel kalau gak ikut. Kapan lagi ada bonus sebesar ini."
  },
  {
    "name": "Sari (Jambi)",
    "quote": "Sudah saya buktikan sendiri, dan hasilnya memuaskan. Langsung cair!"
  },
  {
    "name": "Adit (Mataram)",
    "quote": "Luar biasa! Bonusnya membuat saya lebih semangat main."
  },
  {
    "name": "Lina (Manado)",
    "quote": "Akhirnya nemu promo yang gak banyak syaratnya. Prosesnya mulus."
  },
  {
    "name": "Dedi (Kupang)",
    "quote": "The best! Bonus 100rb bukan kaleng-kaleng."
  },
  {
    "name": "Maya (Jayapura)",
    "quote": "Dari ujung timur Indonesia, saya buktikan promonya valid. Keren!"
  },
  {
    "name": "Iwan (Cirebon)",
    "quote": "Baru kali ini ikut ginian langsung berhasil. Mantap!"
  },
  {
    "name": "Eva (Solo)",
    "quote": "Awalnya lihat iklan, coba-coba, eh beneran dapet. Seneng banget."
  },
  {
    "name": "Rian (Bogor)",
    "quote": "Top markotop! Gak perlu nunggu lama bonusnya masuk."
  },
  {
    "name": "Nia (Depok)",
    "quote": "Sebagai pengguna baru, saya merasa sangat diuntungkan. Terima kasih."
  },
  {
    "name": "Bayu (Tangerang)",
    "quote": "Promonya jelas dan transparan. Gak ada tipu-tipu."
  },
  {
    "name": "Dian (Bekasi)",
    "quote": "Gak nyangka bonusnya segede ini. Asli bikin kaget."
  },
  {
    "name": "Gilang (Padang)",
    "quote": "Orang Padang juga udah coba,lamak bana! Bonusnya nyata."
  },
  {
    "name": "Citra (Lampung)",
    "quote": "Saya rekomendasikan ke semua teman saya. Jangan sampai kehabisan."
  },
  {
    "name": "Heru (Sukabumi)",
    "quote": "Mantap, saldo tambahan buat modal. Makasih banyak."
  },
  {
    "name": "Wulan (Purwokerto)",
    "quote": "Proses verifikasi dan klaimnya cepat. Gak sampai 5 menit."
  },
  {
    "name": "Arief (Kediri)",
    "quote": "Bonusnya real, bukan cuma tulisan. Sudah saya pakai."
  },
  {
    "name": "Nur (Madiun)",
    "quote": "Program yang sangat bagus untuk menarik pengguna baru."
  },
  {
    "name": "Zainal (Batam)",
    "quote": "Dari Batam hadir, bonus sudah mendarat dengan selamat."
  },
  {
    "name": "Linda (Tegal)",
    "quote": "Saya kira susah, ternyata gampang banget klaimnya."
  },
  {
    "name": "Surya (Jember)",
    "quote": "Event yang ditunggu-tunggu. Akhirnya bisa ikut dan berhasil."
  },
  {
    "name": "Putri (Cimahi)",
    "quote": "Sebagai mahasiswi, bonus ini sangat berarti. Makasih!"
  },
  {
    "name": "Dimas (Karawang)",
    "quote": "Gak usah pikir panjang, langsung sikat aja. Terbukti!"
  },
  {
    "name": "Fahmi (Purwakarta)",
    "quote": "Ini baru namanya promo, jelas dan menguntungkan."
  },
  {
    "name": "Andi (Palu)",
    "quote": "Meskipun jauh, prosesnya tetap lancar jaya. Bonus diterima."
  },
  {
    "name": "Ratna (Kendari)",
    "quote": "Saya salah satu yang beruntung, terima kasih tim."
  },
  {
    "name": "Reza (Ambon)",
    "quote": "Luar biasa, dari Ambon manise, bonusnya juga manis."
  },
  {
    "name": "Septian (Ternate)",
    "quote": "Jangan sia-siakan kesempatan emas ini. Dijamin untung."
  },
  {
    "name": "Ida (Gorontalo)",
    "quote": "Awalnya takut data disalahgunakan, ternyata aman dan terpercaya."
  },
  {
    "name": "Ujang (Garut)",
    "quote": "Orang Garut geus ngabuktikeun, bonusna asli euy!"
  },
  {
    "name": "Cecep (Sumedang)",
    "quote": "Hatur nuhun pisan, bonusna katampi. Edun!"
  },
  {
    "name": "Asep (Cianjur)",
    "quote": "Mantep, bisa buat nambah-nambah. Promonya keren."
  },
  {
    "name": "Guntur (Klaten)",
    "quote": "Jos gandos! Bonus 100rb mendarat mulus."
  },
  {
    "name": "Lestari (Magelang)",
    "quote": "Terima kasih, ini sangat membantu untuk pemula seperti saya."
  },
  {
    "name": "Arif (Pekalongan)",
    "quote": "Saya kira cuma gimmick marketing, ternyata beneran dikasih."
  },
  {
    "name": "Bambang (Salatiga)",
    "quote": "Program loyalitas yang bagus, bikin betah."
  },
  {
    "name": "Candra (Probolinggo)",
    "quote": "Gak pake lama, gak pake ribet. Langsung masuk."
  },
  {
    "name": "Dharma (Pasuruan)",
    "quote": "Ini yang saya cari-cari. Promo jujur dan apa adanya."
  },
  {
    "name": "Endang (Banyuwangi)",
    "quote": "Dari ujung timur Jawa, saya pastikan ini bukan hoaks."
  },
  {
    "name": "Fifi (Situbondo)",
    "quote": "Wow, bonusnya bisa langsung ditarik? Keren banget!"
  },
  {
    "name": "Gunawan (Lombok)",
    "quote": "Mantap, sambil liburan di Lombok dapet bonus."
  },
  {
    "name": "Hesti (Sumbawa)",
    "quote": "Jangan ragu, saya dari Sumbawa sudah membuktikannya."
  },
  {
    "name": "Imam (Bima)",
    "quote": "Terbaik! Semoga sering-sering ada promo seperti ini."
  },
  {
    "name": "Jajang (Subang)",
    "quote": "Edun pisan euy, hatur nuhun bonusna."
  },
  {
    "name": "Kartika (Indramayu)",
    "quote": "Awalnya gak percaya, setelah coba jadi percaya banget."
  },
  {
    "name": "Lukman (Majalengka)",
    "quote": "Mantap, prosesnya cepat dan tidak berbelit-belit."
  },
  {
    "name": "Mimin (Kuningan)",
    "quote": "Sebagai orang Kuningan, saya bangga ada promo sebagus ini."
  },
  {
    "name": "Nana (Ciamis)",
    "quote": "Luar biasa, rezeki nomplok di hari yang cerah."
  },
  {
    "name": "Opik (Pangandaran)",
    "quote": "Sambil menikmati pantai, saya juga menikmati bonusnya. Makasih!"
  },
  {
    "name": "Pandu (Banjar)",
    "quote": "Rekomendasi dari teman, dan ternyata benar-benar terbukti."
  },
  {
    "name": "Qori (Brebes)",
    "quote": "Mantap, gak sia-sia ikutin promonya."
  },
  {
    "name": "Rahmat (Pemalang)",
    "quote": "Bonusnya sangat berarti bagi saya. Terima kasih banyak."
  },
  {
    "name": "Samsul (Batang)",
    "quote": "Saya jamin 100% promo ini asli. Saya sudah merasakannya."
  },
  {
    "name": "Tuti (Kendal)",
    "quote": "Ibu-ibu juga bisa dapet bonus, lho! Gampang banget caranya."
  },
  {
    "name": "Umar (Demak)",
    "quote": "Berkah sekali, semoga usahanya makin lancar."
  },
  {
    "name": "Vino (Grobogan)",
    "quote": "Keren, promonya gak kaleng-kaleng. Patut dicoba."
  },
  {
    "name": "Wawan (Blora)",
    "quote": "Dari Blora untuk Indonesia, promonya terbukti nyata!"
  },
  {
    "name": "Yanto (Rembang)",
    "quote": "Jangan kebanyakan mikir, langsung aja klaim. Mumpung masih ada."
  },
  {
    "name": "Zulaikha (Pati)",
    "quote": "Alhamdulillah, rezeki tak terduga. Terima kasih."
  },
  {
    "name": "Adam (Kudus)",
    "quote": "Sebagai warga Kudus, saya ikut senang dengan adanya promo ini."
  },
  {
    "name": "Hawa (Jepara)",
    "quote": "Sambil kerja, sambil dapat bonus. Mantap!"
  },
  {
    "name": "Seto (Sragen)",
    "quote": "Proses klaim yang sangat user-friendly. Gak bikin pusing."
  },
  {
    "name": "Bagas (Karanganyar)",
    "quote": "Kaget pas cek saldo tiba-tiba nambah 100rb. Ternyata dari sini."
  },
  {
    "name": "Cinta (Wonogiri)",
    "quote": "Cintaku pada promo ini tak akan pernah pudar. Makasih!"
  },
  {
    "name": "Danu (Sukoharjo)",
    "quote": "Mantap, semoga ada event-event menarik lainnya."
  },
  {
    "name": "Elang (Boyolali)",
    "quote": "Terbang tinggi bersama bonus 100rb. Keren!"
  },
  {
    "name": "Fira (Sleman)",
    "quote": "Warga Sleman konfirm, bonusnya beneran ada."
  },
  {
    "name": "Gita (Bantul)",
    "quote": "Asik, bisa buat jajan. Terima kasih banyak ya."
  },
  {
    "name": "Hanif (Kulon Progo)",
    "quote": "Saya sudah rekomendasikan ke keluarga dan teman-teman."
  },
  {
    "name": "Intan (Gunung Kidul)",
    "quote": "Sambil menikmati indahnya pantai, dapet bonus pula. Sempurna!"
  },
  {
    "name": "Jamal (Pacitan)",
    "quote": "Mantap, ombaknya besar, bonusnya juga besar."
  },
  {
    "name": "Kevin (Ponorogo)",
    "quote": "Reog Ponorogo aja kalah heboh sama bonusnya."
  },
  {
    "name": "Lala (Trenggalek)",
    "quote": "Saya senang sekali, prosesnya tidak mengecewakan."
  },
  {
    "name": "Morgan (Tulungagung)",
    "quote": "Ini baru namanya airdrop di dunia nyata. Mantap!"
  },
  {
    "name": "Nino (Blitar)",
    "quote": "Dari kota proklamator, saya proklamasikan bonus ini nyata!"
  },
  {
    "name": "Oscar (Nganjuk)",
    "quote": "Dapet piala oscar aja gak sesenang dapet bonus ini. Hehe."
  },
  {
    "name": "Panji (Ngawi)",
    "quote": "Joss! Gak ada ruginya sama sekali buat coba."
  },
  {
    "name": "Qodir (Magetan)",
    "quote": "Alhamdulillah, barokah. Bisa buat nambah kebutuhan."
  },
  {
    "name": "Restu (Lamongan)",
    "quote": "Direstui dapat bonus, sotonya jadi makin enak. Mantap!"
  },
  {
    "name": "Satria (Gresik)",
    "quote": "Satria baja hitam aja lewat, bonus ini lebih keren."
  },
  {
    "name": "Tia (Sidoarjo)",
    "quote": "Sebagai warga Sidoarjo, saya ikut bangga. Promonya top."
  },
  {
    "name": "Utami (Mojokerto)",
    "quote": "Awalnya iseng klik iklan, ternyata rezeki. Jangan ragu!"
  },
  {
    "name": "Vika (Jombang)",
    "quote": "Saya Vika dari Jombang, dan saya saksi hidup bonus ini nyata."
  },
  {
    "name": "Wisnu (Bangkalan)",
    "quote": "Mantap, menyeberangi Suramadu demi membuktikan, dan berhasil!"
  },
  {
    "name": "Xavier (Sampang)",
    "quote": "Meskipun nama saya aneh, bonusnya gak aneh-aneh. Beneran masuk."
  },
  {
    "name": "Yusuf (Pamekasan)",
    "quote": "Dari Madura, saya pastikan ini bukan carok, tapi bonus beneran."
  },
  {
    "name": "Zaki (Sumenep)",
    "quote": "Ujung timur Madura hadir, bonus sudah di tangan. Terima kasih."
  }
]